{"cameraMode":{"drawMode":0,"name":"Shaded","section":"Shading Mode"},"sceneLighting":false,"audioPlay":false,"sceneViewState":{"m_AlwaysRefresh":false,"showFog":true,"showSkybox":false,"showFlares":true,"showImageEffects":true,"showParticleSystems":true,"showVisualEffectGraphs":true,"m_FxEnabled":true},"in2DMode":false,"pivot":{"x":0.0030858516693115236,"y":0.08034158498048783,"z":-0.04396195709705353},"rotation":{"x":0.0347152017056942,"y":0.0671219676733017,"z":-0.002330498304218054,"w":0.9971603751182556},"size":0.7597097754478455,"orthographic":false}