{"cameraMode":{"drawMode":0,"name":"Shaded","section":"Shading Mode"},"sceneLighting":false,"audioPlay":false,"sceneViewState":{"m_AlwaysRefresh":false,"showFog":true,"showSkybox":false,"showFlares":true,"showImageEffects":true,"showParticleSystems":true,"showVisualEffectGraphs":true,"m_FxEnabled":true},"in2DMode":false,"pivot":{"x":0.18851317465305329,"y":-0.2169310450553894,"z":0.397862046957016},"rotation":{"x":0.13412612676620484,"y":-0.7022297382354736,"z":0.13738447427749635,"w":0.6855745911598206},"size":1.6553943157196046,"orthographic":false}