{"cameraMode":{"drawMode":0,"name":"Shaded","section":"Shading Mode"},"sceneLighting":false,"audioPlay":false,"sceneViewState":{"m_AlwaysRefresh":false,"showFog":true,"showSkybox":false,"showFlares":true,"showImageEffects":true,"showParticleSystems":true,"showVisualEffectGraphs":true,"m_FxEnabled":true},"in2DMode":false,"pivot":{"x":0.30187666416168215,"y":0.002900034189224243,"z":-0.003897249698638916},"rotation":{"x":0.21207179129123689,"y":0.7007774710655212,"z":-0.2320726364850998,"w":0.640380859375},"size":0.3732638359069824,"orthographic":false}