{"cameraMode":{"drawMode":0,"name":"Shaded","section":"Shading Mode"},"sceneLighting":false,"audioPlay":false,"sceneViewState":{"m_AlwaysRefresh":false,"showFog":true,"showSkybox":false,"showFlares":true,"showImageEffects":true,"showParticleSystems":true,"showVisualEffectGraphs":true,"m_FxEnabled":true},"in2DMode":false,"pivot":{"x":-0.8204818964004517,"y":0.1818251609802246,"z":0.2584688663482666},"rotation":{"x":-0.017843075096607209,"y":0.9787614345550537,"z":-0.09722457826137543,"w":-0.17962034046649934},"size":0.7679998278617859,"orthographic":false}