{"cameraMode":{"drawMode":0,"name":"Shaded","section":"Shading Mode"},"sceneLighting":false,"audioPlay":false,"sceneViewState":{"m_AlwaysRefresh":false,"showFog":true,"showSkybox":false,"showFlares":true,"showImageEffects":true,"showParticleSystems":true,"showVisualEffectGraphs":true,"m_FxEnabled":true},"in2DMode":false,"pivot":{"x":0.11132533848285675,"y":1.147781252861023,"z":-7.632595062255859},"rotation":{"x":0.0007865935331210494,"y":-0.9966261386871338,"z":-0.0820973664522171,"w":-0.009262732230126858},"size":7.906580448150635,"orthographic":false}