{"cameraMode":{"drawMode":0,"name":"Shaded","section":"Shading Mode"},"sceneLighting":false,"audioPlay":false,"sceneViewState":{"m_AlwaysRefresh":false,"showFog":true,"showSkybox":false,"showFlares":true,"showImageEffects":true,"showParticleSystems":true,"showVisualEffectGraphs":true,"m_FxEnabled":true},"in2DMode":false,"pivot":{"x":0.34058550000190737,"y":-0.3615093231201172,"z":0.5613468885421753},"rotation":{"x":-0.005068187136203051,"y":0.9938417673110962,"z":-0.05132761970162392,"w":-0.09811080992221832},"size":0.21400730311870576,"orthographic":false}