{"cameraMode":{"drawMode":0,"name":"Shaded","section":"Shading Mode"},"sceneLighting":false,"audioPlay":false,"sceneViewState":{"m_AlwaysRefresh":false,"showFog":true,"showSkybox":false,"showFlares":true,"showImageEffects":true,"showParticleSystems":true,"showVisualEffectGraphs":true,"m_FxEnabled":true},"in2DMode":false,"pivot":{"x":-0.0020127296447753908,"y":1.1858949661254883,"z":0.2264474630355835},"rotation":{"x":0.008580297231674195,"y":-0.9838615655899048,"z":0.04904578998684883,"w":0.1720341593027115},"size":1.9700359106063843,"orthographic":false}