{"cameraMode":{"drawMode":0,"name":"Shaded","section":"Shading Mode"},"sceneLighting":false,"audioPlay":false,"sceneViewState":{"m_AlwaysRefresh":false,"showFog":true,"showSkybox":false,"showFlares":true,"showImageEffects":true,"showParticleSystems":true,"showVisualEffectGraphs":true,"m_FxEnabled":true},"in2DMode":false,"pivot":{"x":0.024118900299072267,"y":0.09300026297569275,"z":0.012496590614318848},"rotation":{"x":-0.09547270834445954,"y":0.3866824209690094,"z":-0.04028491675853729,"w":-0.9163854718208313},"size":1.2247449159622193,"orthographic":false}