{"cameraMode":{"drawMode":0,"name":"Shaded","section":"Shading Mode"},"sceneLighting":true,"audioPlay":false,"sceneViewState":{"m_AlwaysRefresh":false,"showFog":true,"showSkybox":false,"showFlares":true,"showImageEffects":true,"showParticleSystems":true,"showVisualEffectGraphs":true,"m_FxEnabled":true},"in2DMode":false,"pivot":{"x":-0.3196719288825989,"y":0.017980411648750306,"z":-2.241283655166626},"rotation":{"x":0.047339316457509997,"y":0.0419408455491066,"z":-0.001989232376217842,"w":0.9980020523071289},"size":1.2547056674957276,"orthographic":false}